Position,Name + ID,Name,ID,Roster Position,Salary,Game Info,TeamAbbrev,AvgPointsPerGame
C,Nikola Jokic (21603175),Nikola Jokic,21603175,C/UTIL,12600,DEN@SAC 03/09/2022 10:00PM ET,DEN,60.75
PG,Luka Doncic (21603177),Luka Doncic,21603177,PG/G/UTIL,12300,NYK@DAL 03/09/2022 08:30PM ET,DAL,56.92
PF/C,Giannis Antetokounmpo (21603180),Giannis Antetokounmpo,21603180,PF/C/F/UTIL,12000,ATL@MIL 03/09/2022 08:00PM ET,MIL,57.97
SF,LeBron James (21603184),LeBron James,21603184,SF/F/UTIL,11600,LAL@HOU 03/09/2022 08:00PM ET,LAL,54.26
PG,Dejounte Murray (21603187),Dejounte Murray,21603187,PG/G/UTIL,11300,TOR@SAS 03/09/2022 08:30PM ET,SAS,50.64
C,Karl-Anthony Towns (21603190),Karl-Anthony Towns,21603190,C/UTIL,10800,OKC@MIN 03/09/2022 08:00PM ET,MIN,47.15
SF/PF,Jayson Tatum (21603192),Jayson Tatum,21603192,SF/PF/F/UTIL,10400,BOS@CHA 03/09/2022 07:00PM ET,BOS,46.79
PG,Trae Young (21603196),Trae Young,21603196,PG/G/UTIL,10300,ATL@MIL 03/09/2022 08:00PM ET,ATL,48.97
PG,Shai Gilgeous-Alexander (21603199),Shai Gilgeous-Alexander,21603199,PG/G/UTIL,10200,OKC@MIN 03/09/2022 08:00PM ET,OKC,42.86
PF,Julius Randle (21603202),Julius Randle,21603202,PF/F/UTIL,10100,NYK@DAL 03/09/2022 08:30PM ET,NYK,42.70
PF,Kawhi Leonard (21603205),Kawhi Leonard,21603205,PF/F/UTIL,9900,WAS@LAC 03/09/2022 10:30PM ET,LAC,0
PF,DeMar DeRozan (21603208),DeMar DeRozan,21603208,PF/F/UTIL,9800,CHI@DET 03/09/2022 07:00PM ET,CHI,44.19
C,Anthony Davis (21603211),Anthony Davis,21603211,C/UTIL,9600,LAL@HOU 03/09/2022 08:00PM ET,LAL,46.51
PF/C,Pascal Siakam (21603213),Pascal Siakam,21603213,PF/C/F/UTIL,9500,TOR@SAS 03/09/2022 08:30PM ET,TOR,43.17
C,Domantas Sabonis (21603217),Domantas Sabonis,21603217,C/UTIL,9400,DEN@SAC 03/09/2022 10:00PM ET,SAC,44.52
PG,De'Aaron Fox (21603219),De'Aaron Fox,21603219,PG/G/UTIL,9300,DEN@SAC 03/09/2022 10:00PM ET,SAC,37.82
PG,Damian Lillard (21603222),Damian Lillard,21603222,PG/G/UTIL,9200,POR@UTA 03/09/2022 10:00PM ET,POR,42.60
PF,Kyle Kuzma (21603225),Kyle Kuzma,21603225,PF/F/UTIL,9100,WAS@LAC 03/09/2022 10:30PM ET,WAS,36.79
SG,Donovan Mitchell (21603228),Donovan Mitchell,21603228,SG/G/UTIL,9000,POR@UTA 03/09/2022 10:00PM ET,UTA,42.82
SG,Paul George (21603231),Paul George,21603231,SG/G/UTIL,8900,WAS@LAC 03/09/2022 10:30PM ET,LAC,46.18
PG/SG,CJ McCollum (21603234),CJ McCollum,21603234,PG/SG/G/UTIL,8900,ORL@NOP 03/09/2022 08:00PM ET,NOP,38.84
PG,LaMelo Ball (21603242),LaMelo Ball,21603242,PG/G/UTIL,8800,BOS@CHA 03/09/2022 07:00PM ET,CHA,43.69
PG,Reggie Jackson (21603245),Reggie Jackson,21603245,PG/G/UTIL,8800,WAS@LAC 03/09/2022 10:30PM ET,LAC,30.27
PG/SG,Devin Booker (21603238),Devin Booker,21603238,PG/SG/G/UTIL,8800,PHX@MIA 03/09/2022 07:30PM ET,PHX,42.34
C,Jusuf Nurkic (21603248),Jusuf Nurkic,21603248,C/UTIL,8700,POR@UTA 03/09/2022 10:00PM ET,POR,36.15
SG,Zach LaVine (21603250),Zach LaVine,21603250,SG/G/UTIL,8600,CHI@DET 03/09/2022 07:00PM ET,CHI,39.46
SF/PF,Jimmy Butler (21603253),Jimmy Butler,21603253,SF/PF/F/UTIL,8600,PHX@MIA 03/09/2022 07:30PM ET,MIA,41.81
C,Nikola Vucevic (21603257),Nikola Vucevic,21603257,C/UTIL,8500,CHI@DET 03/09/2022 07:00PM ET,CHI,42.55
PG,Russell Westbrook (21603259),Russell Westbrook,21603259,PG/G/UTIL,8500,LAL@HOU 03/09/2022 08:00PM ET,LAL,40.49
C,Bam Adebayo (21603267),Bam Adebayo,21603267,C/UTIL,8500,PHX@MIA 03/09/2022 07:30PM ET,MIA,41.09
SG/SF,Brandon Ingram (21603262),Brandon Ingram,21603262,SG/SF/F/G/UTIL,8500,ORL@NOP 03/09/2022 08:00PM ET,NOP,40.02
PG,Anfernee Simons (21603269),Anfernee Simons,21603269,PG/G/UTIL,8400,POR@UTA 03/09/2022 10:00PM ET,POR,28.34
C,Zion Williamson (21603272),Zion Williamson,21603272,C/UTIL,8300,ORL@NOP 03/09/2022 08:00PM ET,NOP,0
PG/SF,RJ Barrett (21603281),RJ Barrett,21603281,PG/SF/F/G/UTIL,8200,NYK@DAL 03/09/2022 08:30PM ET,NYK,32.38
PG,Chris Paul (21603278),Chris Paul,21603278,PG/G/UTIL,8200,PHX@MIA 03/09/2022 07:30PM ET,PHX,41.10
PG/SG,Fred VanVleet (21603274),Fred VanVleet,21603274,PG/SG/G/UTIL,8200,TOR@SAS 03/09/2022 08:30PM ET,TOR,42.66
PG/SG,Josh Giddey (21603286),Josh Giddey,21603286,PG/SG/G/UTIL,8100,OKC@MIN 03/09/2022 08:00PM ET,OKC,34.04
PG/SG,D'Angelo Russell (21603290),D'Angelo Russell,21603290,PG/SG/G/UTIL,8100,OKC@MIN 03/09/2022 08:00PM ET,MIN,37.38
PG/SG,Terry Rozier (21603301),Terry Rozier,21603301,PG/SG/G/UTIL,8000,BOS@CHA 03/09/2022 07:00PM ET,CHA,35.93
SG/SF,Jaylen Brown (21603305),Jaylen Brown,21603305,SG/SF/F/G/UTIL,8000,BOS@CHA 03/09/2022 07:00PM ET,BOS,38.80
SG/SF,Cade Cunningham (21603296),Cade Cunningham,21603296,SG/SF/F/G/UTIL,8000,CHI@DET 03/09/2022 07:00PM ET,DET,34.88
C,Christian Wood (21603294),Christian Wood,21603294,C/UTIL,8000,LAL@HOU 03/09/2022 08:00PM ET,HOU,38.18
SG/SF,Khris Middleton (21603310),Khris Middleton,21603310,SG/SF/F/G/UTIL,8000,ATL@MIL 03/09/2022 08:00PM ET,MIL,37.47
PG,Jrue Holiday (21603317),Jrue Holiday,21603317,PG/G/UTIL,7900,ATL@MIL 03/09/2022 08:00PM ET,MIL,38.21
C,Jakob Poeltl (21603315),Jakob Poeltl,21603315,C/UTIL,7900,TOR@SAS 03/09/2022 08:30PM ET,SAS,34.11
PG,John Wall (21603327),John Wall,21603327,PG/G/UTIL,7800,LAL@HOU 03/09/2022 08:00PM ET,HOU,0
C,Rudy Gobert (21603320),Rudy Gobert,21603320,C/UTIL,7800,POR@UTA 03/09/2022 10:00PM ET,UTA,41.98
SG/SF,Anthony Edwards (21603322),Anthony Edwards,21603322,SG/SF/F/G/UTIL,7800,OKC@MIN 03/09/2022 08:00PM ET,MIN,37.37
SF/PF,Miles Bridges (21603334),Miles Bridges,21603334,SF/PF/F/UTIL,7700,BOS@CHA 03/09/2022 07:00PM ET,CHA,38.25
SF/PF,Josh Hart (21603338),Josh Hart,21603338,SF/PF/F/UTIL,7700,POR@UTA 03/09/2022 10:00PM ET,POR,31.73
SF/PF,Scottie Barnes (21603330),Scottie Barnes,21603330,SF/PF/F/UTIL,7700,TOR@SAS 03/09/2022 08:30PM ET,TOR,32.90
PF/C,Kristaps Porzingis (21603342),Kristaps Porzingis,21603342,PF/C/F/UTIL,7600,WAS@LAC 03/09/2022 10:30PM ET,WAS,37.14
PF/C,Wendell Carter Jr. (21603346),Wendell Carter Jr.,21603346,PF/C/F/UTIL,7500,ORL@NOP 03/09/2022 08:00PM ET,ORL,34.48
C,Jonas Valanciunas (21603350),Jonas Valanciunas,21603350,C/UTIL,7400,ORL@NOP 03/09/2022 08:00PM ET,NOP,38.39
C,Deandre Ayton (21603352),Deandre Ayton,21603352,C/UTIL,7300,PHX@MIA 03/09/2022 07:30PM ET,PHX,34.31
PG/SG,Tyler Herro (21603354),Tyler Herro,21603354,PG/SG/G/UTIL,7200,PHX@MIA 03/09/2022 07:30PM ET,MIA,34.38
C,Robert Williams (21603358),Robert Williams,21603358,C/UTIL,7100,BOS@CHA 03/09/2022 07:00PM ET,BOS,31.78
PG,Kyle Lowry (21603360),Kyle Lowry,21603360,PG/G/UTIL,7000,PHX@MIA 03/09/2022 07:30PM ET,MIA,33.67
PG,Lonzo Ball (21603363),Lonzo Ball,21603363,PG/G/UTIL,6900,CHI@DET 03/09/2022 07:00PM ET,CHI,33.46
PG,Cole Anthony (21603366),Cole Anthony,21603366,PG/G/UTIL,6900,ORL@NOP 03/09/2022 08:00PM ET,ORL,35.01
SG/SF,Gary Trent Jr. (21603369),Gary Trent Jr.,21603369,SG/SF/F/G/UTIL,6900,TOR@SAS 03/09/2022 08:30PM ET,TOR,29.54
C,Ivica Zubac (21603374),Ivica Zubac,21603374,C/UTIL,6800,WAS@LAC 03/09/2022 10:30PM ET,LAC,25.00
SG/SF,Mikal Bridges (21603378),Mikal Bridges,21603378,SG/SF/F/G/UTIL,6800,PHX@MIA 03/09/2022 07:30PM ET,PHX,25.82
C,Bobby Portis (21603376),Bobby Portis,21603376,C/UTIL,6800,ATL@MIL 03/09/2022 08:00PM ET,MIL,32.81
SG/SF,Bogdan Bogdanovic (21603383),Bogdan Bogdanovic,21603383,SG/SF/F/G/UTIL,6700,ATL@MIL 03/09/2022 08:00PM ET,ATL,26.96
PF,Jerami Grant (21603388),Jerami Grant,21603388,PF/F/UTIL,6600,CHI@DET 03/09/2022 07:00PM ET,DET,31.98
SF,Saddiq Bey (21603391),Saddiq Bey,21603391,SF/F/UTIL,6600,CHI@DET 03/09/2022 07:00PM ET,DET,30.38
PG,Marcus Smart (21603398),Marcus Smart,21603398,PG/G/UTIL,6500,BOS@CHA 03/09/2022 07:00PM ET,BOS,28.91
PG/SG,Jalen Brunson (21603394),Jalen Brunson,21603394,PG/SG/G/UTIL,6500,NYK@DAL 03/09/2022 08:30PM ET,DAL,30.59
PG/SG,Spencer Dinwiddie (21603401),Spencer Dinwiddie,21603401,PG/SG/G/UTIL,6500,NYK@DAL 03/09/2022 08:30PM ET,DAL,29.20
PG,Cameron Payne (21603405),Cameron Payne,21603405,PG/G/UTIL,6500,PHX@MIA 03/09/2022 07:30PM ET,PHX,22.48
PG/SG,Victor Oladipo (21603411),Victor Oladipo,21603411,PG/SG/G/UTIL,6400,PHX@MIA 03/09/2022 07:30PM ET,MIA,18.75
PF,Keldon Johnson (21603408),Keldon Johnson,21603408,PF/F/UTIL,6400,TOR@SAS 03/09/2022 08:30PM ET,SAS,28.26
PF/C,Al Horford (21603415),Al Horford,21603415,PF/C/F/UTIL,6300,BOS@CHA 03/09/2022 07:00PM ET,BOS,29.30
PG,Kevin Porter Jr. (21603419),Kevin Porter Jr.,21603419,PG/G/UTIL,6300,LAL@HOU 03/09/2022 08:00PM ET,HOU,30.43
C,Clint Capela (21603422),Clint Capela,21603422,C/UTIL,6200,ATL@MIL 03/09/2022 08:00PM ET,ATL,32.12
SF/PF,Luguentz Dort (21603424),Luguentz Dort,21603424,SF/PF/F/UTIL,6200,OKC@MIN 03/09/2022 08:00PM ET,OKC,27.90
PG,Norman Powell (21603428),Norman Powell,21603428,PG/G/UTIL,6100,WAS@LAC 03/09/2022 10:30PM ET,LAC,29.37
SF/PF,Harrison Barnes (21603431),Harrison Barnes,21603431,SF/PF/F/UTIL,6100,DEN@SAC 03/09/2022 10:00PM ET,SAC,30.48
PG,Derrick Rose (21603439),Derrick Rose,21603439,PG/G/UTIL,6000,NYK@DAL 03/09/2022 08:30PM ET,NYK,24.23
SG,Will Barton (21603447),Will Barton,21603447,SG/G/UTIL,6000,DEN@SAC 03/09/2022 10:00PM ET,DEN,29.61
PG/SF,Justise Winslow (21603442),Justise Winslow,21603442,PG/SF/F/G/UTIL,6000,POR@UTA 03/09/2022 10:00PM ET,POR,15.27
PF/C,John Collins (21603435),John Collins,21603435,PF/C/F/UTIL,6000,ATL@MIL 03/09/2022 08:00PM ET,ATL,33.29
PG/SG,Dennis Schroder (21603450),Dennis Schroder,21603450,PG/SG/G/UTIL,5900,LAL@HOU 03/09/2022 08:00PM ET,HOU,26.60
SF/PF,Marcus Morris Sr. (21603457),Marcus Morris Sr.,21603457,SF/PF/F/UTIL,5900,WAS@LAC 03/09/2022 10:30PM ET,LAC,26.32
SF,Franz Wagner (21603454),Franz Wagner,21603454,SF/F/UTIL,5900,ORL@NOP 03/09/2022 08:00PM ET,ORL,28.30
SG/SF,Terance Mann (21603465),Terance Mann,21603465,SG/SF/F/G/UTIL,5800,WAS@LAC 03/09/2022 10:30PM ET,LAC,22.92
SF/PF,Aaron Gordon (21603461),Aaron Gordon,21603461,SF/PF/F/UTIL,5800,DEN@SAC 03/09/2022 10:00PM ET,DEN,27.67
SF/PF,Aleksej Pokusevski (21603470),Aleksej Pokusevski,21603470,SF/PF/F/UTIL,5800,OKC@MIN 03/09/2022 08:00PM ET,OKC,16.70
SF/PF,Dorian Finney-Smith (21603482),Dorian Finney-Smith,21603482,SF/PF/F/UTIL,5700,NYK@DAL 03/09/2022 08:30PM ET,DAL,23.41
PG/SG,Malik Monk (21603474),Malik Monk,21603474,PG/SG/G/UTIL,5700,LAL@HOU 03/09/2022 08:00PM ET,LAL,23.70
PG/SG,Jalen Green (21603478),Jalen Green,21603478,PG/SG/G/UTIL,5700,LAL@HOU 03/09/2022 08:00PM ET,HOU,24.97
PF/C,Trendon Watford (21603486),Trendon Watford,21603486,PF/C/F/UTIL,5700,POR@UTA 03/09/2022 10:00PM ET,POR,13.21
SG/SF,Kelly Oubre Jr. (21603500),Kelly Oubre Jr.,21603500,SG/SF/F/G/UTIL,5600,BOS@CHA 03/09/2022 07:00PM ET,CHA,27.35
PG/SG,Alec Burks (21603490),Alec Burks,21603490,PG/SG/G/UTIL,5600,NYK@DAL 03/09/2022 08:30PM ET,NYK,23.88
PG,Terence Davis (21603494),Terence Davis,21603494,PG/G/UTIL,5600,DEN@SAC 03/09/2022 10:00PM ET,SAC,18.95
PG,Mike Conley (21603497),Mike Conley,21603497,PG/G/UTIL,5600,POR@UTA 03/09/2022 10:00PM ET,UTA,28.69
SF/PF,Jae Crowder (21603505),Jae Crowder,21603505,SF/PF/F/UTIL,5600,PHX@MIA 03/09/2022 07:30PM ET,PHX,22.98
SF,Gordon Hayward (21603521),Gordon Hayward,21603521,SF/F/UTIL,5500,BOS@CHA 03/09/2022 07:00PM ET,CHA,30.18
PF,Michael Porter Jr. (21603518),Michael Porter Jr.,21603518,PF/F/UTIL,5500,DEN@SAC 03/09/2022 10:00PM ET,DEN,23.64
PG,Brandon Williams (21603526),Brandon Williams,21603526,PG/G/UTIL,5500,POR@UTA 03/09/2022 10:00PM ET,POR,20.61
SF/PF,Cameron Johnson (21603511),Cameron Johnson,21603511,SF/PF/F/UTIL,5500,PHX@MIA 03/09/2022 07:30PM ET,PHX,23.34
C,Isaiah Roby (21603509),Isaiah Roby,21603509,C/UTIL,5500,OKC@MIN 03/09/2022 08:00PM ET,OKC,17.94
C,Mo Bamba (21603524),Mo Bamba,21603524,C/UTIL,5500,ORL@NOP 03/09/2022 08:00PM ET,ORL,26.97
PG,Malachi Flynn (21603515),Malachi Flynn,21603515,PG/G/UTIL,5500,TOR@SAS 03/09/2022 08:30PM ET,TOR,9.77
PG/SG,Coby White (21603529),Coby White,21603529,PG/SG/G/UTIL,5400,CHI@DET 03/09/2022 07:00PM ET,CHI,23.97
C,Isaiah Hartenstein (21603551),Isaiah Hartenstein,21603551,C/UTIL,5400,WAS@LAC 03/09/2022 10:30PM ET,LAC,19.75
PG/SG,Tre Mann (21603533),Tre Mann,21603533,PG/SG/G/UTIL,5400,OKC@MIN 03/09/2022 08:00PM ET,OKC,16.41
PG/SG,Jalen Suggs (21603537),Jalen Suggs,21603537,PG/SG/G/UTIL,5400,ORL@NOP 03/09/2022 08:00PM ET,ORL,26.16
SG/SF,OG Anunoby (21603541),OG Anunoby,21603541,SG/SF/F/G/UTIL,5400,TOR@SAS 03/09/2022 08:30PM ET,TOR,32.94
SG/SF,Devin Vassell (21603546),Devin Vassell,21603546,SG/SF/F/G/UTIL,5400,TOR@SAS 03/09/2022 08:30PM ET,SAS,23.58
C,Montrezl Harrell (21603566),Montrezl Harrell,21603566,C/UTIL,5300,BOS@CHA 03/09/2022 07:00PM ET,CHA,27.22
PF/C,PJ Washington (21603571),PJ Washington,21603571,PF/C/F/UTIL,5300,BOS@CHA 03/09/2022 07:00PM ET,CHA,23.77
SG,Evan Fournier (21603568),Evan Fournier,21603568,SG/G/UTIL,5300,NYK@DAL 03/09/2022 08:30PM ET,NYK,23.81
PF,Carmelo Anthony (21603560),Carmelo Anthony,21603560,PF/F/UTIL,5300,LAL@HOU 03/09/2022 08:00PM ET,LAL,24.42
C,DeMarcus Cousins (21603578),DeMarcus Cousins,21603578,C/UTIL,5300,DEN@SAC 03/09/2022 10:00PM ET,DEN,21.48
SF,Bojan Bogdanovic (21603563),Bojan Bogdanovic,21603563,SF/F/UTIL,5300,POR@UTA 03/09/2022 10:00PM ET,UTA,27.16
PF,Darius Bazley (21603553),Darius Bazley,21603553,PF/F/UTIL,5300,OKC@MIN 03/09/2022 08:00PM ET,OKC,23.76
PG,Patrick Beverley (21603575),Patrick Beverley,21603575,PG/G/UTIL,5300,OKC@MIN 03/09/2022 08:00PM ET,MIN,26.07
SF/PF,Chuma Okeke (21603556),Chuma Okeke,21603556,SF/PF/F/UTIL,5300,ORL@NOP 03/09/2022 08:00PM ET,ORL,21.57
PG,Ayo Dosunmu (21603582),Ayo Dosunmu,21603582,PG/G/UTIL,5200,CHI@DET 03/09/2022 07:00PM ET,CHI,18.99
C,Mitchell Robinson (21603580),Mitchell Robinson,21603580,C/UTIL,5200,NYK@DAL 03/09/2022 08:30PM ET,NYK,24.34
PG/SG,Immanuel Quickley (21603585),Immanuel Quickley,21603585,PG/SG/G/UTIL,5100,NYK@DAL 03/09/2022 08:30PM ET,NYK,19.36
PF/C,Alperen Sengun (21603592),Alperen Sengun,21603592,PF/C/F/UTIL,5100,LAL@HOU 03/09/2022 08:00PM ET,HOU,21.53
PG,Monte Morris (21603589),Monte Morris,21603589,PG/G/UTIL,5100,DEN@SAC 03/09/2022 10:00PM ET,DEN,25.11
PG/SG,Derrick White (21603606),Derrick White,21603606,PG/SG/G/UTIL,5000,BOS@CHA 03/09/2022 07:00PM ET,BOS,29.58
PF/C,Marvin Bagley III (21603596),Marvin Bagley III,21603596,PF/C/F/UTIL,5000,CHI@DET 03/09/2022 07:00PM ET,DET,21.37
SG,Kentavious Caldwell-Pope (21603600),Kentavious Caldwell-Pope,21603600,SG/G/UTIL,5000,WAS@LAC 03/09/2022 10:30PM ET,WAS,22.52
SG,Jamal Murray (21603603),Jamal Murray,21603603,SG/G/UTIL,5000,DEN@SAC 03/09/2022 10:00PM ET,DEN,0
PF/C,Jarred Vanderbilt (21603610),Jarred Vanderbilt,21603610,PF/C/F/UTIL,5000,OKC@MIN 03/09/2022 08:00PM ET,MIN,23.97
PG/SG,Jordan Clarkson (21603614),Jordan Clarkson,21603614,PG/SG/G/UTIL,4900,POR@UTA 03/09/2022 10:00PM ET,UTA,25.53
PF,Nassir Little (21603621),Nassir Little,21603621,PF/F/UTIL,4900,POR@UTA 03/09/2022 10:00PM ET,POR,21.86
SF/PF,Jaden McDaniels (21603624),Jaden McDaniels,21603624,SF/PF/F/UTIL,4900,OKC@MIN 03/09/2022 08:00PM ET,MIN,19.31
PF,Chris Boucher (21603618),Chris Boucher,21603618,PF/F/UTIL,4900,TOR@SAS 03/09/2022 08:30PM ET,TOR,20.40
PF,Jae'Sean Tate (21603637),Jae'Sean Tate,21603637,PF/F/UTIL,4800,LAL@HOU 03/09/2022 08:00PM ET,HOU,26.55
PG,Ish Smith (21603634),Ish Smith,21603634,PG/G/UTIL,4800,WAS@LAC 03/09/2022 10:30PM ET,WAS,14.04
C,Drew Eubanks (21603628),Drew Eubanks,21603628,C/UTIL,4800,POR@UTA 03/09/2022 10:00PM ET,POR,13.17
SF,De'Andre Hunter (21603640),De'Andre Hunter,21603640,SF/F/UTIL,4800,ATL@MIL 03/09/2022 08:00PM ET,ATL,21.13
SG,Malik Beasley (21603643),Malik Beasley,21603643,SG/G/UTIL,4800,OKC@MIN 03/09/2022 08:00PM ET,MIN,20.60
PF/C,Jaxson Hayes (21603630),Jaxson Hayes,21603630,PF/C/F/UTIL,4800,ORL@NOP 03/09/2022 08:00PM ET,NOP,16.60
C,Mason Plumlee (21603646),Mason Plumlee,21603646,C/UTIL,4700,BOS@CHA 03/09/2022 07:00PM ET,CHA,23.66
SG/SF,Donte DiVincenzo (21603651),Donte DiVincenzo,21603651,SG/SF/F/G/UTIL,4700,DEN@SAC 03/09/2022 10:00PM ET,SAC,18.52
PF,Danilo Gallinari (21603648),Danilo Gallinari,21603648,PF/F/UTIL,4700,ATL@MIL 03/09/2022 08:00PM ET,ATL,20.26
C,Isaiah Stewart (21603671),Isaiah Stewart,21603671,C/UTIL,4600,CHI@DET 03/09/2022 07:00PM ET,DET,22.97
PF/C,Nicolas Batum (21603667),Nicolas Batum,21603667,PF/C/F/UTIL,4600,WAS@LAC 03/09/2022 10:30PM ET,LAC,20.29
PF/C,Frank Kaminsky (21603658),Frank Kaminsky,21603658,PF/C/F/UTIL,4600,PHX@MIA 03/09/2022 07:30PM ET,PHX,21.75
SG/SF,Kevin Huerter (21603662),Kevin Huerter,21603662,SG/SF/F/G/UTIL,4600,ATL@MIL 03/09/2022 08:00PM ET,ATL,22.05
C,Larry Nance Jr. (21603656),Larry Nance Jr.,21603656,C/UTIL,4600,ORL@NOP 03/09/2022 08:00PM ET,NOP,19.56
PF/C,Kelly Olynyk (21603686),Kelly Olynyk,21603686,PF/C/F/UTIL,4500,CHI@DET 03/09/2022 07:00PM ET,DET,21.55
SG/SF,Talen Horton-Tucker (21603677),Talen Horton-Tucker,21603677,SG/SF/F/G/UTIL,4500,LAL@HOU 03/09/2022 08:00PM ET,LAL,20.16
PF/C,Robert Covington (21603682),Robert Covington,21603682,PF/C/F/UTIL,4500,WAS@LAC 03/09/2022 10:30PM ET,LAC,22.64
PG,Gabe Vincent (21603690),Gabe Vincent,21603690,PG/G/UTIL,4500,PHX@MIA 03/09/2022 07:30PM ET,MIA,19.52
SF/PF,Herbert Jones (21603673),Herbert Jones,21603673,SF/PF/F/UTIL,4500,ORL@NOP 03/09/2022 08:00PM ET,NOP,22.00
SG/SF,Hamidou Diallo (21603703),Hamidou Diallo,21603703,SG/SF/F/G/UTIL,4400,CHI@DET 03/09/2022 07:00PM ET,DET,21.71
SG/SF,Reggie Bullock (21603713),Reggie Bullock,21603713,SG/SF/F/G/UTIL,4400,NYK@DAL 03/09/2022 08:30PM ET,DAL,16.47
SG/SF,Deni Avdija (21603708),Deni Avdija,21603708,SG/SF/F/G/UTIL,4400,WAS@LAC 03/09/2022 10:30PM ET,WAS,19.34
C,Hassan Whiteside (21603693),Hassan Whiteside,21603693,C/UTIL,4400,POR@UTA 03/09/2022 10:00PM ET,UTA,22.00
SG/SF,Landry Shamet (21603718),Landry Shamet,21603718,SG/SF/F/G/UTIL,4400,PHX@MIA 03/09/2022 07:30PM ET,PHX,14.36
SF/PF,Kenrich Williams (21603695),Kenrich Williams,21603695,SF/PF/F/UTIL,4400,OKC@MIN 03/09/2022 08:00PM ET,OKC,18.48
PG/SG,Lonnie Walker IV (21603699),Lonnie Walker IV,21603699,PG/SG/G/UTIL,4400,TOR@SAS 03/09/2022 08:30PM ET,SAS,20.49
PF/C,Tristan Thompson (21603744),Tristan Thompson,21603744,PF/C/F/UTIL,4300,CHI@DET 03/09/2022 07:00PM ET,CHI,14.73
SG/SF,Eric Gordon (21603731),Eric Gordon,21603731,SG/SF/F/G/UTIL,4300,LAL@HOU 03/09/2022 08:00PM ET,HOU,22.5
PG/SG,Raul Neto (21603727),Raul Neto,21603727,PG/SG/G/UTIL,4300,WAS@LAC 03/09/2022 10:30PM ET,WAS,16.44
PG/SG,Luke Kennard (21603736),Luke Kennard,21603736,PG/SG/G/UTIL,4300,WAS@LAC 03/09/2022 10:30PM ET,LAC,21.39
SF/PF,Royce O'Neale (21603723),Royce O'Neale,21603723,SF/PF/F/UTIL,4300,POR@UTA 03/09/2022 10:00PM ET,UTA,21.43
PG/SG,Aaron Holiday (21603740),Aaron Holiday,21603740,PG/SG/G/UTIL,4300,PHX@MIA 03/09/2022 07:30PM ET,PHX,13.55
PG,Killian Hayes (21603764),Killian Hayes,21603764,PG/G/UTIL,4200,CHI@DET 03/09/2022 07:00PM ET,DET,18.73
C,Dwight Powell (21603758),Dwight Powell,21603758,C/UTIL,4200,NYK@DAL 03/09/2022 08:30PM ET,DAL,16.62
SF/PF,Jeff Green (21603760),Jeff Green,21603760,SF/PF/F/UTIL,4200,DEN@SAC 03/09/2022 10:00PM ET,DEN,17.58
SG/SF,CJ Elleby (21603750),CJ Elleby,21603750,SG/SF/F/G/UTIL,4200,POR@UTA 03/09/2022 10:00PM ET,POR,11.95
PG,Markelle Fultz (21603755),Markelle Fultz,21603755,PG/G/UTIL,4200,ORL@NOP 03/09/2022 08:00PM ET,ORL,18.88
C,Precious Achiuwa (21603748),Precious Achiuwa,21603748,C/UTIL,4200,TOR@SAS 03/09/2022 08:30PM ET,TOR,20.50
SF,Tim Hardaway Jr. (21603777),Tim Hardaway Jr.,21603777,SF/F/UTIL,4100,NYK@DAL 03/09/2022 08:30PM ET,DAL,25.07
SG/SF,Corey Kispert (21603769),Corey Kispert,21603769,SG/SF/F/G/UTIL,4100,WAS@LAC 03/09/2022 10:30PM ET,WAS,13.40
PG,Eric Bledsoe (21603774),Eric Bledsoe,21603774,PG/G/UTIL,4100,POR@UTA 03/09/2022 10:00PM ET,POR,23.06
C,Brook Lopez (21603767),Brook Lopez,21603767,C/UTIL,4100,ATL@MIL 03/09/2022 08:00PM ET,MIL,23.25
SF/PF,Grant Williams (21603802),Grant Williams,21603802,SF/PF/F/UTIL,4000,BOS@CHA 03/09/2022 07:00PM ET,BOS,16.15
PF/C,KJ Martin (21603798),KJ Martin,21603798,PF/C/F/UTIL,4000,LAL@HOU 03/09/2022 08:00PM ET,HOU,17.34
PF/C,Trey Lyles (21603784),Trey Lyles,21603784,PF/C/F/UTIL,4000,DEN@SAC 03/09/2022 10:00PM ET,SAC,18.87
SG,Keon Johnson (21603793),Keon Johnson,21603793,SG/G/UTIL,4000,POR@UTA 03/09/2022 10:00PM ET,POR,9.78
PF/C,P.J. Tucker (21603780),P.J. Tucker,21603780,PF/C/F/UTIL,4000,PHX@MIA 03/09/2022 07:30PM ET,MIA,20.50
SG/SF,Max Strus (21603788),Max Strus,21603788,SG/SF/F/G/UTIL,4000,PHX@MIA 03/09/2022 07:30PM ET,MIA,18.40
SG/SF,Grayson Allen (21603806),Grayson Allen,21603806,SG/SF/F/G/UTIL,4000,ATL@MIL 03/09/2022 08:00PM ET,MIL,20.82
C,Guillermo Hernangomez (21603796),Guillermo Hernangomez,21603796,C/UTIL,4000,ORL@NOP 03/09/2022 08:00PM ET,NOP,21.01
PG,Alex Caruso (21603822),Alex Caruso,21603822,PG/G/UTIL,3900,CHI@DET 03/09/2022 07:00PM ET,CHI,23.54
SG/SF,Quentin Grimes (21603817),Quentin Grimes,21603817,SG/SF/F/G/UTIL,3900,NYK@DAL 03/09/2022 08:30PM ET,NYK,12.79
C,Daniel Gafford (21603811),Daniel Gafford,21603811,C/UTIL,3900,WAS@LAC 03/09/2022 10:30PM ET,WAS,21.37
SG/SF,Amir Coffey (21603835),Amir Coffey,21603835,SG/SF/F/G/UTIL,3900,WAS@LAC 03/09/2022 10:30PM ET,LAC,16.76
PG/SG,Bones Hyland (21603813),Bones Hyland,21603813,PG/SG/G/UTIL,3900,DEN@SAC 03/09/2022 10:00PM ET,DEN,17.15
SF,Caleb Martin (21603825),Caleb Martin,21603825,SF/F/UTIL,3900,PHX@MIA 03/09/2022 07:30PM ET,MIA,19.32
PF/C,Naz Reid (21603828),Naz Reid,21603828,PF/C/F/UTIL,3900,OKC@MIN 03/09/2022 08:00PM ET,MIN,17.32
PG,Devonte' Graham (21603832),Devonte' Graham,21603832,PG/G/UTIL,3900,ORL@NOP 03/09/2022 08:00PM ET,NOP,24.94
PG,Isaiah Thomas (21603844),Isaiah Thomas,21603844,PG/G/UTIL,3800,BOS@CHA 03/09/2022 07:00PM ET,CHA,16.12
PF/C,Maxi Kleber (21603840),Maxi Kleber,21603840,PF/C/F/UTIL,3800,NYK@DAL 03/09/2022 08:30PM ET,DAL,20.68
PF/C,Serge Ibaka (21603850),Serge Ibaka,21603850,PF/C/F/UTIL,3800,ATL@MIL 03/09/2022 08:00PM ET,MIL,15.68
PG,Jordan McLaughlin (21603847),Jordan McLaughlin,21603847,PG/G/UTIL,3800,OKC@MIN 03/09/2022 08:00PM ET,MIN,11.23
SG/SF,Cody Martin (21603858),Cody Martin,21603858,SG/SF/F/G/UTIL,3700,BOS@CHA 03/09/2022 07:00PM ET,CHA,20.32
SG/SF,Josh Christopher (21603873),Josh Christopher,21603873,SG/SF/F/G/UTIL,3700,LAL@HOU 03/09/2022 08:00PM ET,HOU,14.29
PF/C,JaMychal Green (21603854),JaMychal Green,21603854,PF/C/F/UTIL,3700,DEN@SAC 03/09/2022 10:00PM ET,DEN,15.28
SG,Justin Holiday (21603863),Justin Holiday,21603863,SG/G/UTIL,3700,DEN@SAC 03/09/2022 10:00PM ET,SAC,19.84
C,JaVale McGee (21603871),JaVale McGee,21603871,C/UTIL,3700,PHX@MIA 03/09/2022 07:30PM ET,PHX,20.87
SG/SF,DeAndre' Bembry (21603878),DeAndre' Bembry,21603878,SG/SF/F/G/UTIL,3700,ATL@MIL 03/09/2022 08:00PM ET,MIL,13.42
SG/SF,Josh Richardson (21603866),Josh Richardson,21603866,SG/SF/F/G/UTIL,3700,TOR@SAS 03/09/2022 08:30PM ET,SAS,17.79
SF,Javonte Green (21603896),Javonte Green,21603896,SF/F/UTIL,3600,CHI@DET 03/09/2022 07:00PM ET,CHI,17.38
PG/SG,Cory Joseph (21603913),Cory Joseph,21603913,PG/SG/G/UTIL,3600,CHI@DET 03/09/2022 07:00PM ET,DET,18.39
C,Dwight Howard (21603899),Dwight Howard,21603899,C/UTIL,3600,LAL@HOU 03/09/2022 08:00PM ET,LAL,15.37
C,Thomas Bryant (21603883),Thomas Bryant,21603883,C/UTIL,3600,WAS@LAC 03/09/2022 10:30PM ET,WAS,16.88
PG/SG,Davion Mitchell (21603889),Davion Mitchell,21603889,PG/SG/G/UTIL,3600,DEN@SAC 03/09/2022 10:00PM ET,SAC,19.69
SG/SF,Austin Rivers (21603921),Austin Rivers,21603921,SG/SF/F/G/UTIL,3600,DEN@SAC 03/09/2022 10:00PM ET,DEN,12.22
PF/C,Greg Brown (21603909),Greg Brown,21603909,PF/C/F/UTIL,3600,POR@UTA 03/09/2022 10:00PM ET,POR,8.5
PF/C,Torrey Craig (21603905),Torrey Craig,21603905,PF/C/F/UTIL,3600,PHX@MIA 03/09/2022 07:30PM ET,PHX,14.86
PG/SG,Delon Wright (21603917),Delon Wright,21603917,PG/SG/G/UTIL,3600,ATL@MIL 03/09/2022 08:00PM ET,ATL,14.07
SG/SF,Wesley Matthews (21603926),Wesley Matthews,21603926,SG/SF/F/G/UTIL,3600,ATL@MIL 03/09/2022 08:00PM ET,MIL,9.51
PG/SG,Ty Jerome (21603901),Ty Jerome,21603901,PG/SG/G/UTIL,3600,OKC@MIN 03/09/2022 08:00PM ET,OKC,14.16
PG/SG,R.J. Hampton (21603885),R.J. Hampton,21603885,PG/SG/G/UTIL,3600,ORL@NOP 03/09/2022 08:00PM ET,ORL,16.14
PG,Tre Jones (21603893),Tre Jones,21603893,PG/G/UTIL,3600,TOR@SAS 03/09/2022 08:30PM ET,SAS,12.60
SF,Josh Green (21603956),Josh Green,21603956,SF/F/UTIL,3500,NYK@DAL 03/09/2022 08:30PM ET,DAL,11.03
PG/SG,Austin Reaves (21603946),Austin Reaves,21603946,PG/SG/G/UTIL,3500,LAL@HOU 03/09/2022 08:00PM ET,LAL,13.19
PG/SF,Tomas Satoransky (21603977),Tomas Satoransky,21603977,PG/SF/F/G/UTIL,3500,WAS@LAC 03/09/2022 10:30PM ET,WAS,9.62
SF,Jeremy Lamb (21603953),Jeremy Lamb,21603953,SF/F/UTIL,3500,DEN@SAC 03/09/2022 10:00PM ET,SAC,14.94
SG/SF,Ben McLemore (21603961),Ben McLemore,21603961,SG/SF/F/G/UTIL,3500,POR@UTA 03/09/2022 10:00PM ET,POR,13.89
SG,Duncan Robinson (21603950),Duncan Robinson,21603950,SG/G/UTIL,3500,PHX@MIA 03/09/2022 07:30PM ET,MIA,19.75
PG/SG,Lou Williams (21603966),Lou Williams,21603966,PG/SG/G/UTIL,3500,ATL@MIL 03/09/2022 08:00PM ET,ATL,12.67
PF,Jordan Nwora (21603974),Jordan Nwora,21603974,PF/F/UTIL,3500,ATL@MIL 03/09/2022 08:00PM ET,MIL,15.77
SF/PF,Taurean Prince (21603934),Taurean Prince,21603934,SF/PF/F/UTIL,3500,OKC@MIN 03/09/2022 08:00PM ET,MIN,12.77
C,Olivier Sarr (21603959),Olivier Sarr,21603959,C/UTIL,3500,OKC@MIN 03/09/2022 08:00PM ET,OKC,11.25
PG/SG,Garrett Temple (21603942),Garrett Temple,21603942,PG/SG/G/UTIL,3500,ORL@NOP 03/09/2022 08:00PM ET,NOP,12.90
PF/C,Moritz Wagner (21603970),Moritz Wagner,21603970,PF/C/F/UTIL,3500,ORL@NOP 03/09/2022 08:00PM ET,ORL,14.14
SF,Doug McDermott (21603931),Doug McDermott,21603931,SF/F/UTIL,3500,TOR@SAS 03/09/2022 08:30PM ET,SAS,17.90
PF/C,Thaddeus Young (21603938),Thaddeus Young,21603938,PF/C/F/UTIL,3500,TOR@SAS 03/09/2022 08:30PM ET,TOR,15.78
C,Daniel Theis (21604020),Daniel Theis,21604020,C/UTIL,3400,BOS@CHA 03/09/2022 07:00PM ET,BOS,17.19
SF/PF,Derrick Jones Jr. (21603988),Derrick Jones Jr.,21603988,SF/PF/F/UTIL,3400,CHI@DET 03/09/2022 07:00PM ET,CHI,13.36
PF/C,Taj Gibson (21604024),Taj Gibson,21604024,PF/C/F/UTIL,3400,NYK@DAL 03/09/2022 08:30PM ET,NYK,13
PG,D.J. Augustin (21604000),D.J. Augustin,21604000,PG/G/UTIL,3400,LAL@HOU 03/09/2022 08:00PM ET,LAL,10.97
SG,Bryn Forbes (21604009),Bryn Forbes,21604009,SG/G/UTIL,3400,DEN@SAC 03/09/2022 10:00PM ET,DEN,14.03
C,Damian Jones (21604022),Damian Jones,21604022,C/UTIL,3400,DEN@SAC 03/09/2022 10:00PM ET,SAC,14.38
C,Udoka Azubuike (21603984),Udoka Azubuike,21603984,C/UTIL,3400,POR@UTA 03/09/2022 10:00PM ET,UTA,11.16
PG,Dennis Smith Jr. (21604006),Dennis Smith Jr.,21604006,PG/G/UTIL,3400,POR@UTA 03/09/2022 10:00PM ET,POR,16.36
C,Onyeka Okongwu (21603986),Onyeka Okongwu,21603986,C/UTIL,3400,ATL@MIL 03/09/2022 08:00PM ET,ATL,20.28
PG/SG,Jaylen Nowell (21603996),Jaylen Nowell,21603996,PG/SG/G/UTIL,3400,OKC@MIN 03/09/2022 08:00PM ET,MIN,14.79
SG/SF,Aaron Wiggins (21604015),Aaron Wiggins,21604015,SG/SF/F/G/UTIL,3400,OKC@MIN 03/09/2022 08:00PM ET,OKC,14.87
PG,Michael Carter-Williams (21604003),Michael Carter-Williams,21604003,PG/G/UTIL,3400,ORL@NOP 03/09/2022 08:00PM ET,ORL,0
SF,Naji Marshall (21604012),Naji Marshall,21604012,SF/F/UTIL,3400,ORL@NOP 03/09/2022 08:00PM ET,NOP,9.66
C,Khem Birch (21603982),Khem Birch,21603982,C/UTIL,3400,TOR@SAS 03/09/2022 08:30PM ET,TOR,13.87
PG/SG,Joshua Primo (21603992),Joshua Primo,21603992,PG/SG/G/UTIL,3400,TOR@SAS 03/09/2022 08:30PM ET,SAS,11.34
SF/PF,Jalen McDaniels (21604032),Jalen McDaniels,21604032,SF/PF/F/UTIL,3300,BOS@CHA 03/09/2022 07:00PM ET,CHA,14.28
SF/PF,Cam Reddish (21604040),Cam Reddish,21604040,SF/PF/F/UTIL,3300,NYK@DAL 03/09/2022 08:30PM ET,NYK,16.91
PF,Davis Bertans (21604052),Davis Bertans,21604052,PF/F/UTIL,3300,NYK@DAL 03/09/2022 08:30PM ET,DAL,10.48
SF/PF,Stanley Johnson (21604058),Stanley Johnson,21604058,SF/PF/F/UTIL,3300,LAL@HOU 03/09/2022 08:00PM ET,LAL,14.87
C,Richaun Holmes (21604030),Richaun Holmes,21604030,C/UTIL,3300,DEN@SAC 03/09/2022 10:00PM ET,SAC,23.95
SF,Davon Reed (21604062),Davon Reed,21604062,SF/F/UTIL,3300,DEN@SAC 03/09/2022 10:00PM ET,DEN,10.30
PF,Rudy Gay (21604055),Rudy Gay,21604055,PF/F/UTIL,3300,POR@UTA 03/09/2022 10:00PM ET,UTA,17.46
PG,Theo Maledon (21604049),Theo Maledon,21604049,PG/G/UTIL,3300,OKC@MIN 03/09/2022 08:00PM ET,OKC,10.37
SF/PF,Jake Layman (21604065),Jake Layman,21604065,SF/PF/F/UTIL,3300,OKC@MIN 03/09/2022 08:00PM ET,MIN,4.76
SF/PF,Tony Snell (21604036),Tony Snell,21604036,SF/PF/F/UTIL,3300,ORL@NOP 03/09/2022 08:00PM ET,NOP,8.12
SG/SF,Gary Harris (21604044),Gary Harris,21604044,SG/SF/F/G/UTIL,3300,ORL@NOP 03/09/2022 08:00PM ET,ORL,19.08
C,Jock Landale (21604028),Jock Landale,21604028,C/UTIL,3300,TOR@SAS 03/09/2022 08:30PM ET,SAS,10.03
PG,Payton Pritchard (21604074),Payton Pritchard,21604074,PG/G/UTIL,3200,BOS@CHA 03/09/2022 07:00PM ET,BOS,10.77
SG,Frank Jackson (21604080),Frank Jackson,21604080,SG/G/UTIL,3200,CHI@DET 03/09/2022 07:00PM ET,DET,16.03
SF,Garrison Mathews (21604083),Garrison Mathews,21604083,SF/F/UTIL,3200,LAL@HOU 03/09/2022 08:00PM ET,HOU,19.57
PF,Rui Hachimura (21604077),Rui Hachimura,21604077,PF/F/UTIL,3200,WAS@LAC 03/09/2022 10:30PM ET,WAS,16.38
C,Nathan Knight (21604091),Nathan Knight,21604091,C/UTIL,3200,OKC@MIN 03/09/2022 08:00PM ET,MIN,7.27
PG,Jose Alvarado (21604071),Jose Alvarado,21604071,PG/G/UTIL,3200,ORL@NOP 03/09/2022 08:00PM ET,NOP,12.63
SG/SF,Terrence Ross (21604086),Terrence Ross,21604086,SG/SF/F/G/UTIL,3200,ORL@NOP 03/09/2022 08:00PM ET,ORL,17.62
C,Zach Collins (21604069),Zach Collins,21604069,C/UTIL,3200,TOR@SAS 03/09/2022 08:30PM ET,SAS,15.98
PG/SG,James Bouknight (21604101),James Bouknight,21604101,PG/SG/G/UTIL,3100,BOS@CHA 03/09/2022 07:00PM ET,CHA,9.02
SF,Rodney McGruder (21604116),Rodney McGruder,21604116,SF/F/UTIL,3100,CHI@DET 03/09/2022 07:00PM ET,DET,9.48
SF,Anthony Gill (21604119),Anthony Gill,21604119,SF/F/UTIL,3100,WAS@LAC 03/09/2022 10:30PM ET,WAS,6.88
PG,Facundo Campazzo (21604110),Facundo Campazzo,21604110,PG/G/UTIL,3100,DEN@SAC 03/09/2022 10:00PM ET,DEN,16.33
SF/PF,Danuel House Jr. (21604097),Danuel House Jr.,21604097,SF/PF/F/UTIL,3100,POR@UTA 03/09/2022 10:00PM ET,UTA,12.11
C,Omer Yurtseven (21604093),Omer Yurtseven,21604093,C/UTIL,3100,PHX@MIA 03/09/2022 07:30PM ET,MIA,15.42
PG,Jevon Carter (21604113),Jevon Carter,21604113,PG/G/UTIL,3100,ATL@MIL 03/09/2022 08:00PM ET,MIL,8.59
C,Derrick Favors (21604095),Derrick Favors,21604095,C/UTIL,3100,OKC@MIN 03/09/2022 08:00PM ET,OKC,13.58
SG/SF,Yuta Watanabe (21604105),Yuta Watanabe,21604105,SG/SF/F/G/UTIL,3100,TOR@SAS 03/09/2022 08:30PM ET,TOR,10.82
SF/PF,Arnoldas Kulboka (21604141),Arnoldas Kulboka,21604141,SF/PF/F/UTIL,3000,BOS@CHA 03/09/2022 07:00PM ET,CHA,0
SG,Scottie Lewis (21604157),Scottie Lewis,21604157,SG/G/UTIL,3000,BOS@CHA 03/09/2022 07:00PM ET,CHA,2.25
PF,JT Thor (21604171),JT Thor,21604171,PF/F/UTIL,3000,BOS@CHA 03/09/2022 07:00PM ET,CHA,7.21
C,Kai Jones (21604214),Kai Jones,21604214,C/UTIL,3000,BOS@CHA 03/09/2022 07:00PM ET,CHA,2
C,Nick Richards (21604216),Nick Richards,21604216,C/UTIL,3000,BOS@CHA 03/09/2022 07:00PM ET,CHA,7.31
C,Luke Kornet (21604248),Luke Kornet,21604248,C/UTIL,3000,BOS@CHA 03/09/2022 07:00PM ET,BOS,3.62
PG/SG,Jalen Crutcher (21604380),Jalen Crutcher,21604380,PG/SG/G/UTIL,3000,BOS@CHA 03/09/2022 07:00PM ET,CHA,0
PG/SG,D.J. Carton (21604384),D.J. Carton,21604384,PG/SG/G/UTIL,3000,BOS@CHA 03/09/2022 07:00PM ET,CHA,0
SG/SF,Aaron Nesmith (21604574),Aaron Nesmith,21604574,SG/SF/F/G/UTIL,3000,BOS@CHA 03/09/2022 07:00PM ET,BOS,6.86
PG,Brodric Thomas (21604633),Brodric Thomas,21604633,PG/G/UTIL,3000,BOS@CHA 03/09/2022 07:00PM ET,BOS,3.33
PF,Sam Hauser (21604774),Sam Hauser,21604774,PF/F/UTIL,3000,BOS@CHA 03/09/2022 07:00PM ET,BOS,3.65
PF,Jabari Parker (21604777),Jabari Parker,21604777,PF/F/UTIL,3000,BOS@CHA 03/09/2022 07:00PM ET,BOS,8.92
PF,Al-Farouq Aminu (21604780),Al-Farouq Aminu,21604780,PF/F/UTIL,3000,BOS@CHA 03/09/2022 07:00PM ET,BOS,0
PF,Malik Fitts (21604783),Malik Fitts,21604783,PF/F/UTIL,3000,BOS@CHA 03/09/2022 07:00PM ET,BOS,2.47
SG,LiAngelo Ball (21604837),LiAngelo Ball,21604837,SG/G/UTIL,3000,BOS@CHA 03/09/2022 07:00PM ET,CHA,0
SG,Juhann Begarin (21604897),Juhann Begarin,21604897,SG/G/UTIL,3000,BOS@CHA 03/09/2022 07:00PM ET,BOS,0
SG,Nik Stauskas (21604945),Nik Stauskas,21604945,SG/G/UTIL,3000,BOS@CHA 03/09/2022 07:00PM ET,BOS,8.62
SF,C.J. Miles (21604972),C.J. Miles,21604972,SF/F/UTIL,3000,BOS@CHA 03/09/2022 07:00PM ET,BOS,0
SF,Matt Ryan (21604975),Matt Ryan,21604975,SF/F/UTIL,3000,BOS@CHA 03/09/2022 07:00PM ET,BOS,0
SF,Kelan Martin (21604978),Kelan Martin,21604978,SF/F/UTIL,3000,BOS@CHA 03/09/2022 07:00PM ET,BOS,11.36
SF,Joe Johnson (21604981),Joe Johnson,21604981,SF/F/UTIL,3000,BOS@CHA 03/09/2022 07:00PM ET,BOS,2
PG,Derrick Walton Jr. (21604131),Derrick Walton Jr.,21604131,PG/G/UTIL,3000,CHI@DET 03/09/2022 07:00PM ET,DET,27
C,Luka Garza (21604218),Luka Garza,21604218,C/UTIL,3000,CHI@DET 03/09/2022 07:00PM ET,DET,10.61
C,Balsa Koprivica (21604220),Balsa Koprivica,21604220,C/UTIL,3000,CHI@DET 03/09/2022 07:00PM ET,DET,0
C,Tony Bradley (21604250),Tony Bradley,21604250,C/UTIL,3000,CHI@DET 03/09/2022 07:00PM ET,CHI,9.81
SF/PF,Micah Potter (21604284),Micah Potter,21604284,SF/PF/F/UTIL,3000,CHI@DET 03/09/2022 07:00PM ET,DET,8.92
SF/PF,Jamorko Pickett (21604288),Jamorko Pickett,21604288,SF/PF/F/UTIL,3000,CHI@DET 03/09/2022 07:00PM ET,DET,2.79
SF/PF,Troy Brown Jr. (21604304),Troy Brown Jr.,21604304,SF/PF/F/UTIL,3000,CHI@DET 03/09/2022 07:00PM ET,CHI,11.62
SF/PF,Troy Baxter (21604308),Troy Baxter,21604308,SF/PF/F/UTIL,3000,CHI@DET 03/09/2022 07:00PM ET,CHI,0
PF/C,Tyler Cook (21604356),Tyler Cook,21604356,PF/C/F/UTIL,3000,CHI@DET 03/09/2022 07:00PM ET,CHI,7.68
PF/C,Marko Simonovic (21604360),Marko Simonovic,21604360,PF/C/F/UTIL,3000,CHI@DET 03/09/2022 07:00PM ET,CHI,3.67
PG/SG,Devon Dotson (21604452),Devon Dotson,21604452,PG/SG/G/UTIL,3000,CHI@DET 03/09/2022 07:00PM ET,CHI,5.75
PG/SG,Ethan Thompson (21604456),Ethan Thompson,21604456,PG/SG/G/UTIL,3000,CHI@DET 03/09/2022 07:00PM ET,CHI,0
PG/SG,Mac McClung (21604460),Mac McClung,21604460,PG/SG/G/UTIL,3000,CHI@DET 03/09/2022 07:00PM ET,CHI,1.5
SG/SF,Malcolm Hill (21604544),Malcolm Hill,21604544,SG/SF/F/G/UTIL,3000,CHI@DET 03/09/2022 07:00PM ET,CHI,8.29
PG,Jaysean Paige (21604579),Jaysean Paige,21604579,PG/G/UTIL,3000,CHI@DET 03/09/2022 07:00PM ET,DET,2.25
PG,Justin Robinson (21604582),Justin Robinson,21604582,PG/G/UTIL,3000,CHI@DET 03/09/2022 07:00PM ET,DET,6.91
PG,Saben Lee (21604585),Saben Lee,21604585,PG/G/UTIL,3000,CHI@DET 03/09/2022 07:00PM ET,DET,13.61
PG,Bryce Alford (21604636),Bryce Alford,21604636,PG/G/UTIL,3000,CHI@DET 03/09/2022 07:00PM ET,CHI,0
PF,Cheick Diallo (21604711),Cheick Diallo,21604711,PF/F/UTIL,3000,CHI@DET 03/09/2022 07:00PM ET,DET,9.17
PF,Isaiah Livers (21604714),Isaiah Livers,21604714,PF/F/UTIL,3000,CHI@DET 03/09/2022 07:00PM ET,DET,8.33
PF,Ersan Ilyasova (21604786),Ersan Ilyasova,21604786,PF/F/UTIL,3000,CHI@DET 03/09/2022 07:00PM ET,CHI,0
PF,Jordan Bell (21604789),Jordan Bell,21604789,PF/F/UTIL,3000,CHI@DET 03/09/2022 07:00PM ET,CHI,3.25
SG,Trayvon Palmer (21604840),Trayvon Palmer,21604840,SG/G/UTIL,3000,CHI@DET 03/09/2022 07:00PM ET,DET,2
SG,Chris Smith (21604843),Chris Smith,21604843,SG/G/UTIL,3000,CHI@DET 03/09/2022 07:00PM ET,DET,0
SG,Cassius Stanley (21604846),Cassius Stanley,21604846,SG/G/UTIL,3000,CHI@DET 03/09/2022 07:00PM ET,DET,10.53
SG,Matt Thomas (21604900),Matt Thomas,21604900,SG/G/UTIL,3000,CHI@DET 03/09/2022 07:00PM ET,CHI,7.53
SF,Deividas Sirvydis (21604948),Deividas Sirvydis,21604948,SF/F/UTIL,3000,CHI@DET 03/09/2022 07:00PM ET,DET,6.83
SF,Patrick Williams (21604984),Patrick Williams,21604984,SF/F/UTIL,3000,CHI@DET 03/09/2022 07:00PM ET,CHI,12.35
SF,Alfonzo McKinnie (21604987),Alfonzo McKinnie,21604987,SF/F/UTIL,3000,CHI@DET 03/09/2022 07:00PM ET,CHI,6.98
SG,Dwayne Bacon (21604125),Dwayne Bacon,21604125,SG/G/UTIL,3000,NYK@DAL 03/09/2022 08:30PM ET,NYK,0
PG,Kemba Walker (21604128),Kemba Walker,21604128,PG/G/UTIL,3000,NYK@DAL 03/09/2022 08:30PM ET,NYK,22.95
C,Boban Marjanovic (21604234),Boban Marjanovic,21604234,C/UTIL,3000,NYK@DAL 03/09/2022 08:30PM ET,DAL,7.09
C,Marquese Chriss (21604236),Marquese Chriss,21604236,C/UTIL,3000,NYK@DAL 03/09/2022 08:30PM ET,DAL,11.74
C,Moses Brown (21604238),Moses Brown,21604238,C/UTIL,3000,NYK@DAL 03/09/2022 08:30PM ET,DAL,6.76
C,Jericho Sims (21604280),Jericho Sims,21604280,C/UTIL,3000,NYK@DAL 03/09/2022 08:30PM ET,NYK,5.80
C,Nerlens Noel (21604282),Nerlens Noel,21604282,C/UTIL,3000,NYK@DAL 03/09/2022 08:30PM ET,NYK,16.31
SF/PF,Eugene Omoruyi (21604300),Eugene Omoruyi,21604300,SF/PF/F/UTIL,3000,NYK@DAL 03/09/2022 08:30PM ET,DAL,4.81
SF/PF,Aamir Simms (21604324),Aamir Simms,21604324,SF/PF/F/UTIL,3000,NYK@DAL 03/09/2022 08:30PM ET,NYK,0
PF/C,Moses Wright (21604344),Moses Wright,21604344,PF/C/F/UTIL,3000,NYK@DAL 03/09/2022 08:30PM ET,DAL,1.5
PG/SG,JaQuori McLaughlin (21604416),JaQuori McLaughlin,21604416,PG/SG/G/UTIL,3000,NYK@DAL 03/09/2022 08:30PM ET,DAL,0.75
PG/SG,Frank Ntilikina (21604420),Frank Ntilikina,21604420,PG/SG/G/UTIL,3000,NYK@DAL 03/09/2022 08:30PM ET,DAL,8.91
SG/SF,Sterling Brown (21604529),Sterling Brown,21604529,SG/SF/F/G/UTIL,3000,NYK@DAL 03/09/2022 08:30PM ET,DAL,9.66
PG,Trey Burke (21604621),Trey Burke,21604621,PG/G/UTIL,3000,NYK@DAL 03/09/2022 08:30PM ET,DAL,9.33
PG,Luca Vildoza (21604666),Luca Vildoza,21604666,PG/G/UTIL,3000,NYK@DAL 03/09/2022 08:30PM ET,NYK,0
PG,Rokas Jokubaitis (21604669),Rokas Jokubaitis,21604669,PG/G/UTIL,3000,NYK@DAL 03/09/2022 08:30PM ET,NYK,0
PG,Matt Mooney (21604672),Matt Mooney,21604672,PG/G/UTIL,3000,NYK@DAL 03/09/2022 08:30PM ET,NYK,1.5
PG,Ryan Arcidiacono (21604675),Ryan Arcidiacono,21604675,PG/G/UTIL,3000,NYK@DAL 03/09/2022 08:30PM ET,NYK,1.17
PG,Miles McBride (21604678),Miles McBride,21604678,PG/G/UTIL,3000,NYK@DAL 03/09/2022 08:30PM ET,NYK,5.12
PF,Nicolo Melli (21604744),Nicolo Melli,21604744,PF/F/UTIL,3000,NYK@DAL 03/09/2022 08:30PM ET,DAL,0
PF,Obi Toppin (21604819),Obi Toppin,21604819,PF/F/UTIL,3000,NYK@DAL 03/09/2022 08:30PM ET,NYK,13.92
PF,Luka Samanic (21604822),Luka Samanic,21604822,PF/F/UTIL,3000,NYK@DAL 03/09/2022 08:30PM ET,NYK,0
SG,Brandon Knight (21604870),Brandon Knight,21604870,SG/G/UTIL,3000,NYK@DAL 03/09/2022 08:30PM ET,DAL,17.58
SG,Damyean Dotson (21604927),Damyean Dotson,21604927,SG/G/UTIL,3000,NYK@DAL 03/09/2022 08:30PM ET,NYK,4
SG,Wayne Selden Jr. (21604930),Wayne Selden Jr.,21604930,SG/G/UTIL,3000,NYK@DAL 03/09/2022 08:30PM ET,NYK,2.75
SG,Tyler Hall (21604933),Tyler Hall,21604933,SG/G/UTIL,3000,NYK@DAL 03/09/2022 08:30PM ET,NYK,0
SF,Theo Pinson (21604963),Theo Pinson,21604963,SF/F/UTIL,3000,NYK@DAL 03/09/2022 08:30PM ET,DAL,5.33
SF,George King (21604966),George King,21604966,SF/F/UTIL,3000,NYK@DAL 03/09/2022 08:30PM ET,DAL,1.69
SF,Solomon Hill (21605026),Solomon Hill,21605026,SF/F/UTIL,3000,NYK@DAL 03/09/2022 08:30PM ET,NYK,5.17
SF,Aaron Sims (21605029),Aaron Sims,21605029,SF/F/UTIL,3000,NYK@DAL 03/09/2022 08:30PM ET,NYK,0
SG,Khyri Thomas (21604122),Khyri Thomas,21604122,SG/G/UTIL,3000,LAL@HOU 03/09/2022 08:00PM ET,HOU,0
C,Enes Freedom (21604228),Enes Freedom,21604228,C/UTIL,3000,LAL@HOU 03/09/2022 08:00PM ET,HOU,10.63
C,Bruno Fernando (21604230),Bruno Fernando,21604230,C/UTIL,3000,LAL@HOU 03/09/2022 08:00PM ET,HOU,3.11
C,Usman Garuba (21604232),Usman Garuba,21604232,C/UTIL,3000,LAL@HOU 03/09/2022 08:00PM ET,HOU,6.6
C,Wenyen Gabriel (21604262),Wenyen Gabriel,21604262,C/UTIL,3000,LAL@HOU 03/09/2022 08:00PM ET,LAL,6.06
SF/PF,David Nwaba (21604292),David Nwaba,21604292,SF/PF/F/UTIL,3000,LAL@HOU 03/09/2022 08:00PM ET,HOU,12.52
SF/PF,Jemerrio Jones (21604312),Jemerrio Jones,21604312,SF/PF/F/UTIL,3000,LAL@HOU 03/09/2022 08:00PM ET,LAL,4.88
SF/PF,Jay Huff (21604316),Jay Huff,21604316,SF/PF/F/UTIL,3000,LAL@HOU 03/09/2022 08:00PM ET,LAL,2.5
PG/SG,DeJon Jarreau (21604408),DeJon Jarreau,21604408,PG/SG/G/UTIL,3000,LAL@HOU 03/09/2022 08:00PM ET,HOU,0
SG/SF,Tyler Bey (21604524),Tyler Bey,21604524,SG/SF/F/G/UTIL,3000,LAL@HOU 03/09/2022 08:00PM ET,HOU,0
SG/SF,Wayne Ellington (21604549),Wayne Ellington,21604549,SG/SF/F/G/UTIL,3000,LAL@HOU 03/09/2022 08:00PM ET,LAL,11.47
SG/SF,Kent Bazemore (21604554),Kent Bazemore,21604554,SG/SF/F/G/UTIL,3000,LAL@HOU 03/09/2022 08:00PM ET,LAL,9.39
SG/SF,Avery Bradley (21604559),Avery Bradley,21604559,SG/SF/F/G/UTIL,3000,LAL@HOU 03/09/2022 08:00PM ET,LAL,13.16
PG,Marcus Foster (21604615),Marcus Foster,21604615,PG/G/UTIL,3000,LAL@HOU 03/09/2022 08:00PM ET,HOU,0
PG,Daishen Nix (21604618),Daishen Nix,21604618,PG/G/UTIL,3000,LAL@HOU 03/09/2022 08:00PM ET,HOU,8.48
PG,Darren Collison (21604654),Darren Collison,21604654,PG/G/UTIL,3000,LAL@HOU 03/09/2022 08:00PM ET,LAL,4.5
PG,Frank Mason III (21604657),Frank Mason III,21604657,PG/G/UTIL,3000,LAL@HOU 03/09/2022 08:00PM ET,LAL,0
PF,Mfiondu Kabengele (21604735),Mfiondu Kabengele,21604735,PF/F/UTIL,3000,LAL@HOU 03/09/2022 08:00PM ET,HOU,0
PF,Kostas Antetokounmpo (21604810),Kostas Antetokounmpo,21604810,PF/F/UTIL,3000,LAL@HOU 03/09/2022 08:00PM ET,LAL,0
PF,Trevor Ariza (21604834),Trevor Ariza,21604834,PF/F/UTIL,3000,LAL@HOU 03/09/2022 08:00PM ET,LAL,11.10
SG,Dante Exum (21604858),Dante Exum,21604858,SG/G/UTIL,3000,LAL@HOU 03/09/2022 08:00PM ET,HOU,0
SG,Trevelin Queen (21604861),Trevelin Queen,21604861,SG/G/UTIL,3000,LAL@HOU 03/09/2022 08:00PM ET,HOU,8.2
SG,Mason Jones (21604915),Mason Jones,21604915,SG/G/UTIL,3000,LAL@HOU 03/09/2022 08:00PM ET,LAL,4.5
SG,Kendrick Nunn (21604918),Kendrick Nunn,21604918,SG/G/UTIL,3000,LAL@HOU 03/09/2022 08:00PM ET,LAL,0
SF,Sekou Doumbouya (21605020),Sekou Doumbouya,21605020,SF/F/UTIL,3000,LAL@HOU 03/09/2022 08:00PM ET,LAL,15.5
PG/SG,Brandon Boston Jr. (21604162),Brandon Boston Jr.,21604162,PG/SG/G/UTIL,3000,WAS@LAC 03/09/2022 10:30PM ET,LAC,12.29
SG/SF,Rodney Hood (21604166),Rodney Hood,21604166,SG/SF/F/G/UTIL,3000,WAS@LAC 03/09/2022 10:30PM ET,LAC,7.21
C,Vernon Carey Jr. (21604276),Vernon Carey Jr.,21604276,C/UTIL,3000,WAS@LAC 03/09/2022 10:30PM ET,WAS,3.15
C,Jaime Echenique (21604278),Jaime Echenique,21604278,C/UTIL,3000,WAS@LAC 03/09/2022 10:30PM ET,WAS,0
PF/C,Isaiah Todd (21604376),Isaiah Todd,21604376,PF/C/F/UTIL,3000,WAS@LAC 03/09/2022 10:30PM ET,WAS,4.25
PG/SG,Devontae Shuler (21604500),Devontae Shuler,21604500,PG/SG/G/UTIL,3000,WAS@LAC 03/09/2022 10:30PM ET,WAS,0
PG/SG,Joel Ayayi (21604504),Joel Ayayi,21604504,PG/SG/G/UTIL,3000,WAS@LAC 03/09/2022 10:30PM ET,WAS,1.68
PG/SG,Jordan Goodwin (21604508),Jordan Goodwin,21604508,PG/SG/G/UTIL,3000,WAS@LAC 03/09/2022 10:30PM ET,WAS,0.62
PG/SG,Jordan Schakel (21604512),Jordan Schakel,21604512,PG/SG/G/UTIL,3000,WAS@LAC 03/09/2022 10:30PM ET,WAS,1.88
PG/SG,Bradley Beal (21604516),Bradley Beal,21604516,PG/SG/G/UTIL,3000,WAS@LAC 03/09/2022 10:30PM ET,WAS,40.84
PG/SG,Caleb Homesley (21604520),Caleb Homesley,21604520,PG/SG/G/UTIL,3000,WAS@LAC 03/09/2022 10:30PM ET,WAS,0
PG,Yogi Ferrell (21604627),Yogi Ferrell,21604627,PG/G/UTIL,3000,WAS@LAC 03/09/2022 10:30PM ET,LAC,0
PG,Jason Preston (21604630),Jason Preston,21604630,PG/G/UTIL,3000,WAS@LAC 03/09/2022 10:30PM ET,LAC,0
PG,Brad Wanamaker (21604696),Brad Wanamaker,21604696,PG/G/UTIL,3000,WAS@LAC 03/09/2022 10:30PM ET,WAS,10.03
PG,Cassius Winston (21604699),Cassius Winston,21604699,PG/G/UTIL,3000,WAS@LAC 03/09/2022 10:30PM ET,WAS,3.6
PG,Tremont Waters (21604702),Tremont Waters,21604702,PG/G/UTIL,3000,WAS@LAC 03/09/2022 10:30PM ET,WAS,11.5
PG,Craig Sword (21604705),Craig Sword,21604705,PG/G/UTIL,3000,WAS@LAC 03/09/2022 10:30PM ET,WAS,5
PF,Harry Giles III (21604768),Harry Giles III,21604768,PF/F/UTIL,3000,WAS@LAC 03/09/2022 10:30PM ET,LAC,0
PF,Semi Ojeleye (21604771),Semi Ojeleye,21604771,PF/F/UTIL,3000,WAS@LAC 03/09/2022 10:30PM ET,LAC,7.19
SG,Xavier Moon (21604891),Xavier Moon,21604891,SG/G/UTIL,3000,WAS@LAC 03/09/2022 10:30PM ET,LAC,11.88
SG,Jay Scrubb (21604894),Jay Scrubb,21604894,SG/G/UTIL,3000,WAS@LAC 03/09/2022 10:30PM ET,LAC,5.25
C,Tarik Black (21604185),Tarik Black,21604185,C/UTIL,3000,DEN@SAC 03/09/2022 10:00PM ET,DEN,0
PF,Petr Cornelie (21604205),Petr Cornelie,21604205,PF/F/UTIL,3000,DEN@SAC 03/09/2022 10:00PM ET,DEN,2.96
C,Alex Len (21604240),Alex Len,21604240,C/UTIL,3000,DEN@SAC 03/09/2022 10:00PM ET,SAC,15.33
C,Neemias Queta (21604242),Neemias Queta,21604242,C/UTIL,3000,DEN@SAC 03/09/2022 10:00PM ET,SAC,5.88
SF/PF,Giorgi Bezhanishvili (21604332),Giorgi Bezhanishvili,21604332,SF/PF/F/UTIL,3000,DEN@SAC 03/09/2022 10:00PM ET,DEN,0
PF/C,Zeke Nnaji (21604372),Zeke Nnaji,21604372,PF/C/F/UTIL,3000,DEN@SAC 03/09/2022 10:00PM ET,DEN,13.47
PG/SG,Matt Coleman III (21604428),Matt Coleman III,21604428,PG/SG/G/UTIL,3000,DEN@SAC 03/09/2022 10:00PM ET,SAC,0
PG/SG,Ade Murkey (21604432),Ade Murkey,21604432,PG/SG/G/UTIL,3000,DEN@SAC 03/09/2022 10:00PM ET,SAC,0
PG/SG,Carlik Jones (21604496),Carlik Jones,21604496,PG/SG/G/UTIL,3000,DEN@SAC 03/09/2022 10:00PM ET,DEN,3.15
SG/SF,Josh Jackson (21604539),Josh Jackson,21604539,SG/SF/F/G/UTIL,3000,DEN@SAC 03/09/2022 10:00PM ET,SAC,13.68
PG,Emmanuel Mudiay (21604624),Emmanuel Mudiay,21604624,PG/G/UTIL,3000,DEN@SAC 03/09/2022 10:00PM ET,SAC,5.25
PG,Markus Howard (21604687),Markus Howard,21604687,PG/G/UTIL,3000,DEN@SAC 03/09/2022 10:00PM ET,DEN,5.29
PF,Chimezie Metu (21604750),Chimezie Metu,21604750,PF/F/UTIL,3000,DEN@SAC 03/09/2022 10:00PM ET,SAC,19.87
PF,Louis King (21604753),Louis King,21604753,PF/F/UTIL,3000,DEN@SAC 03/09/2022 10:00PM ET,SAC,8.35
PF,Moe Harkless (21604756),Moe Harkless,21604756,PF/F/UTIL,3000,DEN@SAC 03/09/2022 10:00PM ET,SAC,11.38
SG,Jahmi'us Ramsey (21604885),Jahmi'us Ramsey,21604885,SG/G/UTIL,3000,DEN@SAC 03/09/2022 10:00PM ET,SAC,4.78
SF,Vlatko Cancar (21605044),Vlatko Cancar,21605044,SF/F/UTIL,3000,DEN@SAC 03/09/2022 10:00PM ET,DEN,8.41
SF,Rayjon Tucker (21605047),Rayjon Tucker,21605047,SF/F/UTIL,3000,DEN@SAC 03/09/2022 10:00PM ET,DEN,6.5
SF,James Ennis III (21605050),James Ennis III,21605050,SF/F/UTIL,3000,DEN@SAC 03/09/2022 10:00PM ET,DEN,8.14
PF,Eric Paschall (21604177),Eric Paschall,21604177,PF/F/UTIL,3000,POR@UTA 03/09/2022 10:00PM ET,UTA,9.68
C,Norvel Pelle (21604244),Norvel Pelle,21604244,C/UTIL,3000,POR@UTA 03/09/2022 10:00PM ET,UTA,4.83
C,Marques Bolden (21604246),Marques Bolden,21604246,C/UTIL,3000,POR@UTA 03/09/2022 10:00PM ET,UTA,0
C,Cody Zeller (21604274),Cody Zeller,21604274,C/UTIL,3000,POR@UTA 03/09/2022 10:00PM ET,POR,12.88
SF/PF,Cameron McGriff (21604336),Cameron McGriff,21604336,SF/PF/F/UTIL,3000,POR@UTA 03/09/2022 10:00PM ET,POR,13.42
PF/C,Juancho Hernangomez (21604352),Juancho Hernangomez,21604352,PF/C/F/UTIL,3000,POR@UTA 03/09/2022 10:00PM ET,UTA,4.04
PG/SG,Derrick Alston Jr. (21604436),Derrick Alston Jr.,21604436,PG/SG/G/UTIL,3000,POR@UTA 03/09/2022 10:00PM ET,UTA,0
PG/SG,Nickeil Alexander-Walker (21604440),Nickeil Alexander-Walker,21604440,PG/SG/G/UTIL,3000,POR@UTA 03/09/2022 10:00PM ET,UTA,22.15
PG/SG,MaCio Teague (21604444),MaCio Teague,21604444,PG/SG/G/UTIL,3000,POR@UTA 03/09/2022 10:00PM ET,UTA,0
PG/SG,Jared Butler (21604448),Jared Butler,21604448,PG/SG/G/UTIL,3000,POR@UTA 03/09/2022 10:00PM ET,UTA,7.10
SG/SF,Elijah Hughes (21604564),Elijah Hughes,21604564,SG/SF/F/G/UTIL,3000,POR@UTA 03/09/2022 10:00PM ET,POR,6.73
SG/SF,Trent Forrest (21604569),Trent Forrest,21604569,SG/SF/F/G/UTIL,3000,POR@UTA 03/09/2022 10:00PM ET,UTA,8.49
PG,Quinn Cook (21604690),Quinn Cook,21604690,PG/G/UTIL,3000,POR@UTA 03/09/2022 10:00PM ET,POR,0
PG,Joe Ingles (21604693),Joe Ingles,21604693,PG/G/UTIL,3000,POR@UTA 03/09/2022 10:00PM ET,POR,17.73
PF,Nino Johnson (21604759),Nino Johnson,21604759,PF/F/UTIL,3000,POR@UTA 03/09/2022 10:00PM ET,UTA,0
PF,Jarrell Brantley (21604762),Jarrell Brantley,21604762,PF/F/UTIL,3000,POR@UTA 03/09/2022 10:00PM ET,UTA,0
PF,Xavier Sneed (21604765),Xavier Sneed,21604765,PF/F/UTIL,3000,POR@UTA 03/09/2022 10:00PM ET,UTA,1.25
PF,Patrick Patterson (21604831),Patrick Patterson,21604831,PF/F/UTIL,3000,POR@UTA 03/09/2022 10:00PM ET,POR,0
SG,Denzel Valentine (21604888),Denzel Valentine,21604888,SG/G/UTIL,3000,POR@UTA 03/09/2022 10:00PM ET,UTA,6.56
SG,Jarron Cumberland (21604942),Jarron Cumberland,21604942,SG/G/UTIL,3000,POR@UTA 03/09/2022 10:00PM ET,POR,2.42
SF,Didi Louzada (21605053),Didi Louzada,21605053,SF/F/UTIL,3000,POR@UTA 03/09/2022 10:00PM ET,POR,2
SF,Keljin Blevins (21605056),Keljin Blevins,21605056,SF/F/UTIL,3000,POR@UTA 03/09/2022 10:00PM ET,POR,4.60
C,Udonis Haslem (21604222),Udonis Haslem,21604222,C/UTIL,3000,PHX@MIA 03/09/2022 07:30PM ET,MIA,6.22
C,Dewayne Dedmon (21604224),Dewayne Dedmon,21604224,C/UTIL,3000,PHX@MIA 03/09/2022 07:30PM ET,MIA,16.75
C,Bismack Biyombo (21604252),Bismack Biyombo,21604252,C/UTIL,3000,PHX@MIA 03/09/2022 07:30PM ET,PHX,17.86
PF/C,Dario Saric (21604364),Dario Saric,21604364,PF/C/F/UTIL,3000,PHX@MIA 03/09/2022 07:30PM ET,PHX,0
PG/SG,Dru Smith (21604388),Dru Smith,21604388,PG/SG/G/UTIL,3000,PHX@MIA 03/09/2022 07:30PM ET,MIA,0
PG/SG,Marcus Garrett (21604392),Marcus Garrett,21604392,PG/SG/G/UTIL,3000,PHX@MIA 03/09/2022 07:30PM ET,MIA,5.65
PG/SG,M.J. Walker (21604464),M.J. Walker,21604464,PG/SG/G/UTIL,3000,PHX@MIA 03/09/2022 07:30PM ET,PHX,3.38
PG,Javonte Smart (21604588),Javonte Smart,21604588,PG/G/UTIL,3000,PHX@MIA 03/09/2022 07:30PM ET,MIA,6.09
PG,Kyle Guy (21604591),Kyle Guy,21604591,PG/G/UTIL,3000,PHX@MIA 03/09/2022 07:30PM ET,MIA,7.49
PG,Mario Chalmers (21604594),Mario Chalmers,21604594,PG/G/UTIL,3000,PHX@MIA 03/09/2022 07:30PM ET,MIA,0
PG,Chasson Randle (21604639),Chasson Randle,21604639,PG/G/UTIL,3000,PHX@MIA 03/09/2022 07:30PM ET,PHX,0
PG,Elfrid Payton (21604642),Elfrid Payton,21604642,PG/G/UTIL,3000,PHX@MIA 03/09/2022 07:30PM ET,PHX,9.58
PF,Aric Holman (21604717),Aric Holman,21604717,PF/F/UTIL,3000,PHX@MIA 03/09/2022 07:30PM ET,MIA,0
PF,Markieff Morris (21604720),Markieff Morris,21604720,PF/F/UTIL,3000,PHX@MIA 03/09/2022 07:30PM ET,MIA,13.9
PF,Chris Silva (21604723),Chris Silva,21604723,PF/F/UTIL,3000,PHX@MIA 03/09/2022 07:30PM ET,MIA,7.95
PF,Emanuel Terry (21604792),Emanuel Terry,21604792,PF/F/UTIL,3000,PHX@MIA 03/09/2022 07:30PM ET,PHX,7.08
PF,Ish Wainright (21604795),Ish Wainright,21604795,PF/F/UTIL,3000,PHX@MIA 03/09/2022 07:30PM ET,PHX,4.57
PF,Abdel Nader (21604798),Abdel Nader,21604798,PF/F/UTIL,3000,PHX@MIA 03/09/2022 07:30PM ET,PHX,7.05
SG,D.J. Stewart Jr. (21604849),D.J. Stewart Jr.,21604849,SG/G/UTIL,3000,PHX@MIA 03/09/2022 07:30PM ET,MIA,0
SG,Ty-Shon Alexander (21604903),Ty-Shon Alexander,21604903,SG/G/UTIL,3000,PHX@MIA 03/09/2022 07:30PM ET,PHX,0
SF,Justin Jackson (21604990),Justin Jackson,21604990,SF/F/UTIL,3000,PHX@MIA 03/09/2022 07:30PM ET,PHX,3.96
SF,Paris Bass (21604993),Paris Bass,21604993,SF/F/UTIL,3000,PHX@MIA 03/09/2022 07:30PM ET,PHX,6
SF,Chandler Hutchison (21604996),Chandler Hutchison,21604996,SF/F/UTIL,3000,PHX@MIA 03/09/2022 07:30PM ET,PHX,1.88
SF,Haywood Highsmith (21605059),Haywood Highsmith,21605059,SF/F/UTIL,3000,PHX@MIA 03/09/2022 07:30PM ET,MIA,5
C,Greg Monroe (21604183),Greg Monroe,21604183,C/UTIL,3000,ATL@MIL 03/09/2022 08:00PM ET,MIL,16.27
C,Javin DeLaurier (21604226),Javin DeLaurier,21604226,C/UTIL,3000,ATL@MIL 03/09/2022 08:00PM ET,MIL,3.25
C,Johnny Hamilton (21604256),Johnny Hamilton,21604256,C/UTIL,3000,ATL@MIL 03/09/2022 08:00PM ET,ATL,0
C,Gorgui Dieng (21604258),Gorgui Dieng,21604258,C/UTIL,3000,ATL@MIL 03/09/2022 08:00PM ET,ATL,9.74
C,Jahlil Okafor (21604260),Jahlil Okafor,21604260,C/UTIL,3000,ATL@MIL 03/09/2022 08:00PM ET,ATL,0
PF/C,Sandro Mamukelashvili (21604340),Sandro Mamukelashvili,21604340,PF/C/F/UTIL,3000,ATL@MIL 03/09/2022 08:00PM ET,MIL,7.01
PG/SG,Chaundee Brown Jr. (21604476),Chaundee Brown Jr.,21604476,PG/SG/G/UTIL,3000,ATL@MIL 03/09/2022 08:00PM ET,ATL,12.7
PG/SG,Ibi Watson (21604480),Ibi Watson,21604480,PG/SG/G/UTIL,3000,ATL@MIL 03/09/2022 08:00PM ET,ATL,0
PG/SG,AJ Lawson (21604484),AJ Lawson,21604484,PG/SG/G/UTIL,3000,ATL@MIL 03/09/2022 08:00PM ET,ATL,0
PG,Jalen Lecque (21604600),Jalen Lecque,21604600,PG/G/UTIL,3000,ATL@MIL 03/09/2022 08:00PM ET,MIL,0
PG,Jeff Teague (21604603),Jeff Teague,21604603,PG/G/UTIL,3000,ATL@MIL 03/09/2022 08:00PM ET,MIL,0
PG,Lindell Wigginton (21604606),Lindell Wigginton,21604606,PG/G/UTIL,3000,ATL@MIL 03/09/2022 08:00PM ET,MIL,5.88
PG,Jeff Dowtin (21604609),Jeff Dowtin,21604609,PG/G/UTIL,3000,ATL@MIL 03/09/2022 08:00PM ET,MIL,4.15
PG,George Hill (21604612),George Hill,21604612,PG/G/UTIL,3000,ATL@MIL 03/09/2022 08:00PM ET,MIL,16.70
PG,Sharife Cooper (21604645),Sharife Cooper,21604645,PG/G/UTIL,3000,ATL@MIL 03/09/2022 08:00PM ET,ATL,1.70
PG,Chris Clemons (21604648),Chris Clemons,21604648,PG/G/UTIL,3000,ATL@MIL 03/09/2022 08:00PM ET,ATL,0
PG,Cat Barber (21604651),Cat Barber,21604651,PG/G/UTIL,3000,ATL@MIL 03/09/2022 08:00PM ET,ATL,2.58
PF,Pat Connaughton (21604726),Pat Connaughton,21604726,PF/F/UTIL,3000,ATL@MIL 03/09/2022 08:00PM ET,MIL,20.63
PF,Johnny O'Bryant III (21604729),Johnny O'Bryant III,21604729,PF/F/UTIL,3000,ATL@MIL 03/09/2022 08:00PM ET,MIL,0
PF,Thanasis Antetokounmpo (21604732),Thanasis Antetokounmpo,21604732,PF/F/UTIL,3000,ATL@MIL 03/09/2022 08:00PM ET,MIL,7.07
PF,Jalen Johnson (21604801),Jalen Johnson,21604801,PF/F/UTIL,3000,ATL@MIL 03/09/2022 08:00PM ET,ATL,3.55
PF,Justin Tillman (21604804),Justin Tillman,21604804,PF/F/UTIL,3000,ATL@MIL 03/09/2022 08:00PM ET,ATL,0
PF,Kevin Knox II (21604807),Kevin Knox II,21604807,PF/F/UTIL,3000,ATL@MIL 03/09/2022 08:00PM ET,ATL,5.73
SG,Elijah Bryant (21604852),Elijah Bryant,21604852,SG/G/UTIL,3000,ATL@MIL 03/09/2022 08:00PM ET,MIL,0
SG,Langston Galloway (21604855),Langston Galloway,21604855,SG/G/UTIL,3000,ATL@MIL 03/09/2022 08:00PM ET,MIL,7.79
SG,Skylar Mays (21604909),Skylar Mays,21604909,SG/G/UTIL,3000,ATL@MIL 03/09/2022 08:00PM ET,ATL,6.24
SG,Wes Iwundu (21604912),Wes Iwundu,21604912,SG/G/UTIL,3000,ATL@MIL 03/09/2022 08:00PM ET,ATL,13.75
SF,Georgios Kalaitzakis (21604957),Georgios Kalaitzakis,21604957,SF/F/UTIL,3000,ATL@MIL 03/09/2022 08:00PM ET,MIL,3.22
SF,Timothe Luwawu-Cabarrot (21605011),Timothe Luwawu-Cabarrot,21605011,SF/F/UTIL,3000,ATL@MIL 03/09/2022 08:00PM ET,ATL,7.70
SF,Cameron Oliver (21605014),Cameron Oliver,21605014,SF/F/UTIL,3000,ATL@MIL 03/09/2022 08:00PM ET,ATL,19.75
SF,Malik Ellison (21605017),Malik Ellison,21605017,SF/F/UTIL,3000,ATL@MIL 03/09/2022 08:00PM ET,ATL,0
PG/SG,Justin Jaworski (21604153),Justin Jaworski,21604153,PG/SG/G/UTIL,3000,OKC@MIN 03/09/2022 08:00PM ET,OKC,0
SF/PF,Mamadi Diakite (21604187),Mamadi Diakite,21604187,SF/PF/F/UTIL,3000,OKC@MIN 03/09/2022 08:00PM ET,OKC,12.10
PG/SG,Rob Edwards (21604195),Rob Edwards,21604195,PG/SG/G/UTIL,3000,OKC@MIN 03/09/2022 08:00PM ET,OKC,3.38
PF,Jaylen Hoard (21604202),Jaylen Hoard,21604202,PF/F/UTIL,3000,OKC@MIN 03/09/2022 08:00PM ET,OKC,2.5
SF,Paul Watson (21604211),Paul Watson,21604211,SF/F/UTIL,3000,OKC@MIN 03/09/2022 08:00PM ET,OKC,9.97
C,Mike Muscala (21604254),Mike Muscala,21604254,C/UTIL,3000,OKC@MIN 03/09/2022 08:00PM ET,OKC,15.22
PF/C,Jeremiah Robinson-Earl (21604368),Jeremiah Robinson-Earl,21604368,PF/C/F/UTIL,3000,OKC@MIN 03/09/2022 08:00PM ET,OKC,18.03
PG/SG,Matt Lewis (21604396),Matt Lewis,21604396,PG/SG/G/UTIL,3000,OKC@MIN 03/09/2022 08:00PM ET,MIN,0
PG/SG,Leandro Bolmaro (21604400),Leandro Bolmaro,21604400,PG/SG/G/UTIL,3000,OKC@MIN 03/09/2022 08:00PM ET,MIN,4.05
PG/SG,Isaiah Miller (21604404),Isaiah Miller,21604404,PG/SG/G/UTIL,3000,OKC@MIN 03/09/2022 08:00PM ET,MIN,0
PG/SG,Vit Krejci (21604468),Vit Krejci,21604468,PG/SG/G/UTIL,3000,OKC@MIN 03/09/2022 08:00PM ET,OKC,7.67
PG/SG,Zavier Simpson (21604472),Zavier Simpson,21604472,PG/SG/G/UTIL,3000,OKC@MIN 03/09/2022 08:00PM ET,OKC,0
PG,McKinley Wright IV (21604597),McKinley Wright IV,21604597,PG/G/UTIL,3000,OKC@MIN 03/09/2022 08:00PM ET,MIN,2.17
SG,Scotty Hopson (21604906),Scotty Hopson,21604906,SG/G/UTIL,3000,OKC@MIN 03/09/2022 08:00PM ET,OKC,5.75
SF,Brian Bowen II (21604951),Brian Bowen II,21604951,SF/F/UTIL,3000,OKC@MIN 03/09/2022 08:00PM ET,MIN,0
SF,Josh Okogie (21604954),Josh Okogie,21604954,SF/F/UTIL,3000,OKC@MIN 03/09/2022 08:00PM ET,MIN,7.10
SF,Lindy Waters III (21604999),Lindy Waters III,21604999,SF/F/UTIL,3000,OKC@MIN 03/09/2022 08:00PM ET,OKC,11.16
SF,Melvin Frazier Jr. (21605002),Melvin Frazier Jr.,21605002,SF/F/UTIL,3000,OKC@MIN 03/09/2022 08:00PM ET,OKC,0
SF,KZ Okpala (21605005),KZ Okpala,21605005,SF/F/UTIL,3000,OKC@MIN 03/09/2022 08:00PM ET,OKC,8.25
SF,Gabriel Deck (21605008),Gabriel Deck,21605008,SF/F/UTIL,3000,OKC@MIN 03/09/2022 08:00PM ET,OKC,5
SF/PF,Freddie Gillespie (21604134),Freddie Gillespie,21604134,SF/PF/F/UTIL,3000,ORL@NOP 03/09/2022 08:00PM ET,ORL,10.56
PG,Devin Cannady (21604138),Devin Cannady,21604138,PG/G/UTIL,3000,ORL@NOP 03/09/2022 08:00PM ET,ORL,0
PF/C,James Banks III (21604145),James Banks III,21604145,PF/C/F/UTIL,3000,ORL@NOP 03/09/2022 08:00PM ET,NOP,0
PG/SG,John Petty Jr. (21604149),John Petty Jr.,21604149,PG/SG/G/UTIL,3000,ORL@NOP 03/09/2022 08:00PM ET,NOP,0
C,Alize Johnson (21604160),Alize Johnson,21604160,C/UTIL,3000,ORL@NOP 03/09/2022 08:00PM ET,NOP,5.98
PF,Gary Clark (21604174),Gary Clark,21604174,PF/F/UTIL,3000,ORL@NOP 03/09/2022 08:00PM ET,NOP,7.62
SF,Trey Murphy III (21604180),Trey Murphy III,21604180,SF/F/UTIL,3000,ORL@NOP 03/09/2022 08:00PM ET,NOP,8.14
SF/PF,Jeremiah Tilmon (21604191),Jeremiah Tilmon,21604191,SF/PF/F/UTIL,3000,ORL@NOP 03/09/2022 08:00PM ET,ORL,0
PG,Jared Harper (21604199),Jared Harper,21604199,PG/G/UTIL,3000,ORL@NOP 03/09/2022 08:00PM ET,NOP,7.38
SF,James Nunnally (21604208),James Nunnally,21604208,SF/F/UTIL,3000,ORL@NOP 03/09/2022 08:00PM ET,NOP,0
C,Bol Bol (21604264),Bol Bol,21604264,C/UTIL,3000,ORL@NOP 03/09/2022 08:00PM ET,ORL,5.38
C,Jonathan Isaac (21604266),Jonathan Isaac,21604266,C/UTIL,3000,ORL@NOP 03/09/2022 08:00PM ET,ORL,0
C,Robin Lopez (21604268),Robin Lopez,21604268,C/UTIL,3000,ORL@NOP 03/09/2022 08:00PM ET,ORL,15.33
SF/PF,Feron Hunt (21604296),Feron Hunt,21604296,SF/PF/F/UTIL,3000,ORL@NOP 03/09/2022 08:00PM ET,NOP,0
SF/PF,Ignas Brazdeikis (21604320),Ignas Brazdeikis,21604320,SF/PF/F/UTIL,3000,ORL@NOP 03/09/2022 08:00PM ET,ORL,6.41
PG/SG,Kira Lewis Jr. (21604412),Kira Lewis Jr.,21604412,PG/SG/G/UTIL,3000,ORL@NOP 03/09/2022 08:00PM ET,NOP,11.70
PG/SG,Hassani Gravett (21604488),Hassani Gravett,21604488,PG/SG/G/UTIL,3000,ORL@NOP 03/09/2022 08:00PM ET,ORL,14.91
PG,PJ Dozier (21604660),PJ Dozier,21604660,PG/G/UTIL,3000,ORL@NOP 03/09/2022 08:00PM ET,ORL,14.12
PG,Mychal Mulder (21604663),Mychal Mulder,21604663,PG/G/UTIL,3000,ORL@NOP 03/09/2022 08:00PM ET,ORL,6.55
PF,Zylan Cheatham (21604738),Zylan Cheatham,21604738,PF/F/UTIL,3000,ORL@NOP 03/09/2022 08:00PM ET,NOP,0
PF,Anthony Tolliver (21604741),Anthony Tolliver,21604741,PF/F/UTIL,3000,ORL@NOP 03/09/2022 08:00PM ET,NOP,0
PF,Aleem Ford (21604813),Aleem Ford,21604813,PF/F/UTIL,3000,ORL@NOP 03/09/2022 08:00PM ET,ORL,7.35
PF,Admiral Schofield (21604816),Admiral Schofield,21604816,PF/F/UTIL,3000,ORL@NOP 03/09/2022 08:00PM ET,ORL,6.91
SG,Justin James (21604864),Justin James,21604864,SG/G/UTIL,3000,ORL@NOP 03/09/2022 08:00PM ET,NOP,0
SG,Miye Oni (21604867),Miye Oni,21604867,SG/G/UTIL,3000,ORL@NOP 03/09/2022 08:00PM ET,NOP,1.33
SG,E'Twaun Moore (21604921),E'Twaun Moore,21604921,SG/G/UTIL,3000,ORL@NOP 03/09/2022 08:00PM ET,ORL,0
SG,Sindarius Thornwell (21604924),Sindarius Thornwell,21604924,SG/G/UTIL,3000,ORL@NOP 03/09/2022 08:00PM ET,ORL,0
SF,Daulton Hommes (21604960),Daulton Hommes,21604960,SF/F/UTIL,3000,ORL@NOP 03/09/2022 08:00PM ET,NOP,0
SF,B.J. Johnson (21605023),B.J. Johnson,21605023,SF/F/UTIL,3000,ORL@NOP 03/09/2022 08:00PM ET,ORL,12.19
C,Aron Baynes (21604270),Aron Baynes,21604270,C/UTIL,3000,TOR@SAS 03/09/2022 08:30PM ET,TOR,0
C,Daniel Oturu (21604272),Daniel Oturu,21604272,C/UTIL,3000,TOR@SAS 03/09/2022 08:30PM ET,TOR,6.42
SF/PF,Justin Champagnie (21604328),Justin Champagnie,21604328,SF/PF/F/UTIL,3000,TOR@SAS 03/09/2022 08:30PM ET,TOR,5.86
PF/C,Devontae Cacok (21604348),Devontae Cacok,21604348,PF/C/F/UTIL,3000,TOR@SAS 03/09/2022 08:30PM ET,SAS,10.86
PG/SG,DJ Steward (21604424),DJ Steward,21604424,PG/SG/G/UTIL,3000,TOR@SAS 03/09/2022 08:30PM ET,SAS,0
PG/SG,Ashton Hagans (21604492),Ashton Hagans,21604492,PG/SG/G/UTIL,3000,TOR@SAS 03/09/2022 08:30PM ET,TOR,0
SG/SF,Denzel Mahoney (21604534),Denzel Mahoney,21604534,SG/SF/F/G/UTIL,3000,TOR@SAS 03/09/2022 08:30PM ET,SAS,0
PG,David Johnson (21604681),David Johnson,21604681,PG/G/UTIL,3000,TOR@SAS 03/09/2022 08:30PM ET,TOR,0
PG,Dalano Banton (21604684),Dalano Banton,21604684,PG/G/UTIL,3000,TOR@SAS 03/09/2022 08:30PM ET,TOR,9.16
PG,Armoni Brooks (21604708),Armoni Brooks,21604708,PG/G/UTIL,3000,TOR@SAS 03/09/2022 08:30PM ET,TOR,12.08
PF,Keita Bates-Diop (21604747),Keita Bates-Diop,21604747,PF/F/UTIL,3000,TOR@SAS 03/09/2022 08:30PM ET,SAS,12.7
PF,D.J. Wilson (21604825),D.J. Wilson,21604825,PF/F/UTIL,3000,TOR@SAS 03/09/2022 08:30PM ET,TOR,17.12
PF,Juwan Morgan (21604828),Juwan Morgan,21604828,PF/F/UTIL,3000,TOR@SAS 03/09/2022 08:30PM ET,TOR,12
SG,Jaylen Morris (21604873),Jaylen Morris,21604873,SG/G/UTIL,3000,TOR@SAS 03/09/2022 08:30PM ET,SAS,2.33
SG,Robert Woodard II (21604876),Robert Woodard II,21604876,SG/G/UTIL,3000,TOR@SAS 03/09/2022 08:30PM ET,SAS,2.44
SG,Joe Wieskamp (21604879),Joe Wieskamp,21604879,SG/G/UTIL,3000,TOR@SAS 03/09/2022 08:30PM ET,SAS,4
SG,Tyler Johnson (21604882),Tyler Johnson,21604882,SG/G/UTIL,3000,TOR@SAS 03/09/2022 08:30PM ET,SAS,9.33
SG,Svi Mykhailiuk (21604936),Svi Mykhailiuk,21604936,SG/G/UTIL,3000,TOR@SAS 03/09/2022 08:30PM ET,TOR,9.87
SG,Breein Tyree (21604939),Breein Tyree,21604939,SG/G/UTIL,3000,TOR@SAS 03/09/2022 08:30PM ET,TOR,0
SF,Anthony Lamb (21604969),Anthony Lamb,21604969,SF/F/UTIL,3000,TOR@SAS 03/09/2022 08:30PM ET,SAS,2.12
SF,Alex Antetokounmpo (21605032),Alex Antetokounmpo,21605032,SF/F/UTIL,3000,TOR@SAS 03/09/2022 08:30PM ET,TOR,0
SF,Josh Hall (21605035),Josh Hall,21605035,SF/F/UTIL,3000,TOR@SAS 03/09/2022 08:30PM ET,TOR,0
SF,Sam Dekker (21605038),Sam Dekker,21605038,SF/F/UTIL,3000,TOR@SAS 03/09/2022 08:30PM ET,TOR,0
SF,Isaac Bonga (21605041),Isaac Bonga,21605041,SF/F/UTIL,3000,TOR@SAS 03/09/2022 08:30PM ET,TOR,3.09
SF,Romeo Langford (21605062),Romeo Langford,21605062,SF/F/UTIL,3000,TOR@SAS 03/09/2022 08:30PM ET,SAS,10.09
